<?xml version="1.0" encoding="UTF-8"?>
<!DOCTYPE tiles-definitions PUBLIC
       "-//Apache Software Foundation//DTD Tiles Configuration 3.0//EN"
       "http://tiles.apache.org/dtds/tiles-config_3_0.dtd">
       
<tiles-definitions>
	<definition name="layout" template="/WEB-INF/views/tiles/tiles-layout.jsp">
		<put-attribute name="header" value="/WEB-INF/views/tiles/headerTemplate.jsp"/>
		<put-attribute name="left" value="/WEB-INF/views/tiles/sidebarTemplate.jsp"/>
		<put-attribute name="body" value=""/> <!-- 아래의 definition 값이 들어옴 -->
		<put-attribute name="foot" value="/WEB-INF/views/tiles/footerTemplate.jsp"/>
	</definition>
	
	<definition name="*/*" extends="layout">
		<put-attribute name="body" value="/WEB-INF/views/{1}/{2}.jsp"/>
	</definition>
	
</tiles-definitions>
